Title,Website
uforocks.com,https://www.uforocks.com/blog/top-ai-automation-agencies-in-the-u-s/
eliya.io,https://www.eliya.io/blog/ai-automation/ai-automation-agency
https://www.inven.ai › company-lists › top-26-artificial-intelligence-in-automation-companies,https://www.inven.ai/company-lists/top-26-artificial-intelligence-in-automation-companies
https://www.guvi.in › blog › top-ai-companies-in-hyderabad,https://www.guvi.in/blog/top-ai-companies-in-hyderabad/
https://codeless.co › best-ai-automation-agencies,https://codeless.co/best-ai-automation-agencies/
https://www.entrans.ai › blog › best-ai-automation-companies,https://www.entrans.ai/blog/best-ai-automation-companies
https://www.designrush.com › agency › ai-companies › ai-automation-agency,https://www.designrush.com/agency/ai-companies/ai-automation-agency
https://builtinhyderabad.in › companies › type › automation-companies,https://builtinhyderabad.in/companies/type/automation-companies
https://www.crunchbase.com › hub › hyderabad-artificial-intelligence-companies,https://www.crunchbase.com/hub/hyderabad-artificial-intelligence-companies
https://artificialintelligencecompanies.com,https://artificialintelligencecompanies.com/
https://www.techtic.com › blog › top-ai-and-automation-companies,https://www.techtic.com/blog/top-ai-and-automation-companies/
https://www.foundernest.com › insights › 20-companies-advancing-ai-agent-technology-for-enterprise-efficiency-and-automation,https://www.foundernest.com/insights/20-companies-advancing-ai-agent-technology-for-enterprise-efficiency-and-automation
